type,created_at
MemberEvent,2013-04-09 14:57:18
ForkEvent,2012-12-24 02:09:06
ForkEvent,2012-12-26 04:53:23
CreateEvent,2012-12-26 04:57:24
CreateEvent,2012-12-26 04:57:30
PullRequestEvent,2012-12-26 04:58:46
PullRequestEvent,2012-12-26 04:59:29
PushEvent,2012-12-24 09:12:46
PushEvent,2012-12-24 08:14:56
PushEvent,2012-12-24 08:34:07
PushEvent,2012-12-24 22:30:33
PullRequestEvent,2012-12-24 22:31:52
IssueCommentEvent,2012-12-24 22:31:52
IssueCommentEvent,2012-12-24 22:32:03
IssuesEvent,2012-12-24 22:32:03
PushEvent,2012-12-24 22:37:16
PushEvent,2012-12-24 23:00:21
IssueCommentEvent,2012-12-25 19:29:14
PushEvent,2012-12-25 22:31:37
IssueCommentEvent,2012-12-25 06:15:00
PushEvent,2012-12-24 03:02:50
IssueCommentEvent,2012-06-24 19:12:36
IssueCommentEvent,2012-06-23 17:21:52
IssueCommentEvent,2012-06-23 17:29:38
PushEvent,2012-05-27 06:54:35
PushEvent,2012-05-27 06:54:37
PushEvent,2012-12-30 22:05:09
CommitCommentEvent,2012-04-19 21:25:42
CommitCommentEvent,2013-01-04 16:03:06
PushEvent,2012-06-06 07:10:16
PushEvent,2012-06-06 07:10:15
IssuesEvent,2012-06-06 07:10:14
PushEvent,2012-06-06 07:19:13
PushEvent,2012-06-06 07:19:12
PushEvent,2012-05-24 02:10:52
PushEvent,2012-05-24 02:25:29
PushEvent,2012-05-20 07:03:39
PushEvent,2012-05-21 06:34:32
PushEvent,2012-05-25 01:15:33
PushEvent,2012-05-25 01:15:32
PullRequestEvent,2012-05-25 01:16:09
IssueCommentEvent,2012-05-25 01:16:09
PushEvent,2012-05-25 01:48:50
PushEvent,2012-05-25 01:48:52
PushEvent,2012-06-01 01:09:42
PushEvent,2012-06-01 01:09:41
IssueCommentEvent,2012-06-01 01:10:13
PullRequestEvent,2012-06-01 01:10:13
PushEvent,2012-12-08 23:48:51
PushEvent,2012-12-08 23:49:45
PushEvent,2012-12-08 23:50:53
PushEvent,2012-12-08 23:52:16
IssuesEvent,2012-08-31 22:58:53
CreateEvent,2012-10-15 04:02:07
CreateEvent,2012-10-15 04:03:13
CreateEvent,2012-10-15 04:06:44
CreateEvent,2012-10-15 04:10:45
IssuesEvent,2012-10-15 04:39:14
IssueCommentEvent,2012-10-15 04:39:14
IssuesEvent,2012-10-15 04:43:44
IssueCommentEvent,2012-10-15 04:43:44
IssuesEvent,2012-10-15 04:46:31
IssuesEvent,2012-10-15 04:51:22
IssueCommentEvent,2012-10-15 04:51:22
IssuesEvent,2012-10-15 04:54:09
IssueCommentEvent,2012-10-15 04:54:09
MemberEvent,2012-07-11 21:54:17
PushEvent,2012-05-24 21:38:16
PushEvent,2012-05-24 21:38:13
PushEvent,2012-06-01 20:18:40
PushEvent,2012-06-01 20:18:43
ForkEvent,2012-06-01 20:54:35
ForkEvent,2012-06-01 20:54:45
CreateEvent,2012-06-01 21:00:44
CreateEvent,2012-06-01 21:01:31
PullRequestEvent,2013-03-26 17:38:44
IssueCommentEvent,2013-03-26 17:38:44
PullRequestReviewCommentEvent,2013-04-11 00:04:58
PushEvent,2013-04-11 00:36:15
PushEvent,2013-04-11 00:41:21
PullRequestEvent,2013-04-11 00:43:11
IssueCommentEvent,2013-04-11 00:43:11
PullRequestReviewCommentEvent,2013-04-11 00:44:45
PullRequestReviewCommentEvent,2013-04-11 00:44:59
PullRequestReviewCommentEvent,2013-04-11 00:45:10
PullRequestReviewCommentEvent,2013-04-11 00:49:48
PullRequestReviewCommentEvent,2013-04-11 00:50:14
PushEvent,2013-04-11 00:56:20
PushEvent,2013-03-07 04:39:09
PushEvent,2013-03-07 04:58:34
PushEvent,2013-03-06 21:16:31
PushEvent,2013-03-06 21:17:54
PushEvent,2013-03-06 21:47:29
PushEvent,2013-03-06 21:49:03
PushEvent,2013-03-06 21:52:44
PushEvent,2013-03-06 23:41:33
PushEvent,2013-03-07 06:53:20
PushEvent,2013-03-07 02:25:15
PushEvent,2013-03-20 20:35:39
PullRequestEvent,2013-03-20 20:35:38
PushEvent,2012-05-24 05:33:11
PushEvent,2012-05-24 05:33:07
CommitCommentEvent,2012-03-30 01:15:53
PushEvent,2012-03-29 08:06:14
PushEvent,2012-03-30 06:11:58
PushEvent,2012-03-29 16:21:07
PushEvent,2012-05-30 20:26:28
PushEvent,2012-05-30 20:26:26
PushEvent,2012-05-30 20:58:01
PushEvent,2012-05-30 20:58:00
CommitCommentEvent,2012-05-22 22:30:33
CommitCommentEvent,2012-05-22 22:33:01
CommitCommentEvent,2012-05-22 22:37:28
CommitCommentEvent,2012-05-22 22:38:00
CommitCommentEvent,2012-05-22 22:42:39
CommitCommentEvent,2012-05-22 22:43:29
CommitCommentEvent,2012-05-22 22:44:02
CommitCommentEvent,2012-05-22 22:45:13
CommitCommentEvent,2012-05-22 22:46:59
CommitCommentEvent,2012-05-22 22:48:14
CommitCommentEvent,2012-05-22 22:49:09
CommitCommentEvent,2012-05-22 22:49:39
CommitCommentEvent,2012-05-22 22:49:48
CommitCommentEvent,2012-05-22 22:50:20
CommitCommentEvent,2012-05-22 22:50:49
CommitCommentEvent,2012-05-22 22:51:18
CommitCommentEvent,2012-05-22 22:52:00
CommitCommentEvent,2012-05-22 22:52:42
CommitCommentEvent,2012-05-22 22:54:21
CommitCommentEvent,2012-05-22 22:55:02
CommitCommentEvent,2012-05-22 22:59:11
CommitCommentEvent,2012-05-22 23:00:22
CommitCommentEvent,2012-05-22 23:01:25
CreateEvent,2012-06-01 21:02:45
PushEvent,2012-06-01 21:20:31
PushEvent,2012-06-01 21:20:39
PushEvent,2012-06-01 21:20:44
PullRequestEvent,2012-06-01 21:21:36
PullRequestEvent,2012-06-01 21:21:59
PullRequestEvent,2012-06-01 21:22:16
PushEvent,2012-06-01 21:34:37
PushEvent,2013-02-04 05:19:22
CommitCommentEvent,2012-04-19 21:25:42
CreateEvent,2012-06-23 01:07:23
CreateEvent,2012-06-23 01:07:41
CreateEvent,2012-06-23 01:08:15
CreateEvent,2012-06-23 01:08:35
PushEvent,2013-02-18 19:07:51
IssueCommentEvent,2013-02-18 21:18:15
PushEvent,2013-02-18 20:57:11
PullRequestEvent,2013-02-18 20:57:09
IssueCommentEvent,2012-05-08 15:18:52
IssueCommentEvent,2012-05-14 22:23:52
IssueCommentEvent,2012-05-14 19:44:36
IssueCommentEvent,2012-06-15 20:25:57
CommitCommentEvent,2013-02-21 16:05:44
PullRequestEvent,2013-02-21 16:33:57
PushEvent,2013-02-21 16:33:59
PushEvent,2013-02-21 16:35:39
IssueCommentEvent,2013-02-21 16:35:52
IssueCommentEvent,2012-05-09 22:47:57
IssueCommentEvent,2012-05-25 05:33:29
IssueCommentEvent,2012-05-07 21:24:46
IssueCommentEvent,2012-05-14 20:23:20
PushEvent,2012-06-06 07:10:16
PushEvent,2012-06-06 07:10:15
IssuesEvent,2012-06-06 07:10:14
PushEvent,2012-06-06 07:19:13
PushEvent,2012-06-06 07:19:12
PushEvent,2012-05-24 02:10:52
PushEvent,2012-05-24 02:25:29
PushEvent,2012-05-20 07:03:39
PushEvent,2012-05-21 06:34:32
PushEvent,2012-05-25 01:15:33
PushEvent,2012-05-25 01:15:32
PullRequestEvent,2012-05-25 01:16:09
IssueCommentEvent,2012-05-25 01:16:09
PushEvent,2012-05-25 01:48:50
PushEvent,2012-05-25 01:48:52
PushEvent,2012-05-30 19:37:37
PushEvent,2012-05-30 19:37:40
PushEvent,2012-12-10 02:04:24
CreateEvent,2012-12-22 19:02:08
CreateEvent,2012-12-22 19:03:48
PushEvent,2013-01-16 15:58:40
PullRequestEvent,2013-01-16 15:58:40
CreateEvent,2012-03-29 06:30:07
PushEvent,2012-03-29 06:33:45
PushEvent,2012-03-29 06:34:43
PushEvent,2012-04-10 14:54:35
PushEvent,2012-04-22 05:00:37
PushEvent,2012-04-22 20:52:45
PushEvent,2012-04-23 02:20:49
PushEvent,2012-04-23 02:22:24
PushEvent,2012-04-23 02:41:41
PushEvent,2012-04-23 06:21:11
PushEvent,2012-04-23 06:36:12
PushEvent,2012-04-23 06:50:51
DeleteEvent,2012-04-23 06:56:55
CreateEvent,2012-04-23 06:57:09
DeleteEvent,2012-04-23 06:57:44
PushEvent,2012-04-23 07:01:11
PushEvent,2012-05-02 00:35:22
PushEvent,2012-05-24 07:31:04
PushEvent,2012-05-24 07:31:08
PullRequestEvent,2012-05-24 07:33:53
PushEvent,2012-05-24 07:33:53
PushEvent,2012-05-24 07:34:54
PushEvent,2012-05-24 07:34:52
CommitCommentEvent,2012-05-22 23:08:53
CommitCommentEvent,2012-05-22 23:09:48
CommitCommentEvent,2012-05-22 23:10:17
CommitCommentEvent,2012-05-22 23:11:56
CommitCommentEvent,2012-05-22 23:13:13
PushEvent,2012-04-30 05:32:11
CommitCommentEvent,2012-05-22 23:01:41
CommitCommentEvent,2012-05-22 23:02:01
CommitCommentEvent,2012-05-22 23:03:24
CommitCommentEvent,2012-05-22 23:04:30
CommitCommentEvent,2012-05-22 23:06:41
CommitCommentEvent,2012-05-22 23:08:53
CommitCommentEvent,2012-05-22 23:09:48
CommitCommentEvent,2012-05-22 23:10:17
CommitCommentEvent,2012-05-22 23:11:56
CommitCommentEvent,2012-05-22 23:13:13
PushEvent,2012-06-09 07:35:01
IssuesEvent,2012-06-09 07:35:01
PushEvent,2012-06-09 07:35:03
IssueCommentEvent,2012-06-09 07:35:34
IssueCommentEvent,2012-06-09 07:44:53
PullRequestReviewCommentEvent,2012-06-09 07:46:04
PullRequestReviewCommentEvent,2012-06-09 07:47:01
IssueCommentEvent,2012-06-09 07:48:00
IssueCommentEvent,2012-06-09 18:42:19
IssueCommentEvent,2012-06-09 18:43:19
PullRequestEvent,2012-06-09 18:43:38
IssueCommentEvent,2012-06-09 18:43:38
PushEvent,2012-12-09 02:17:45
PushEvent,2012-12-10 06:23:30
PushEvent,2012-12-10 06:24:22
PushEvent,2012-12-10 06:34:58
PushEvent,2012-12-10 06:36:15
PushEvent,2012-12-10 06:38:51
PushEvent,2012-12-10 06:39:42
PushEvent,2012-12-10 06:44:59
PushEvent,2013-03-06 19:09:58
PushEvent,2013-03-05 02:01:17
IssueCommentEvent,2012-05-14 20:23:20
PullRequestEvent,2012-05-07 15:08:47
PushEvent,2012-05-07 15:08:47
PushEvent,2013-04-11 16:42:27
PushEvent,2013-04-11 16:42:29
IssuesEvent,2013-04-11 16:42:28
GollumEvent,2013-04-11 16:57:08
IssueCommentEvent,2013-02-16 18:35:29
IssuesEvent,2012-06-07 01:47:00
PushEvent,2012-05-20 20:44:42
IssuesEvent,2013-02-08 02:04:40
IssueCommentEvent,2013-02-08 02:04:40
IssueCommentEvent,2013-02-08 02:04:52
IssuesEvent,2013-02-08 02:04:52
IssueCommentEvent,2013-03-03 20:12:31
IssueCommentEvent,2013-03-04 02:16:52
IssuesEvent,2013-03-04 02:16:52
PushEvent,2013-03-04 00:15:18
PushEvent,2013-03-03 19:47:30
PullRequestEvent,2013-03-03 19:47:30
IssuesEvent,2013-03-03 19:47:47
IssueCommentEvent,2013-03-03 19:47:47
PushEvent,2013-03-03 19:57:18
PushEvent,2013-03-03 19:59:17
MemberEvent,2013-03-04 19:30:04
CreateEvent,2013-03-04 19:34:49
MemberEvent,2013-03-04 19:35:01
PushEvent,2012-04-24 04:23:41
PushEvent,2012-04-24 04:27:21
PushEvent,2012-05-31 06:26:42
PushEvent,2012-05-31 06:26:38
PushEvent,2012-05-31 06:48:43
PushEvent,2012-06-06 05:23:54
PushEvent,2012-06-06 05:23:53
IssuesEvent,2012-06-06 05:24:04
IssueCommentEvent,2012-06-06 05:24:04
IssueCommentEvent,2012-06-06 05:24:56
PushEvent,2013-03-06 00:05:31
PushEvent,2013-03-06 00:05:27
IssueCommentEvent,2013-03-05 01:23:16
PushEvent,2013-03-05 01:59:32
PushEvent,2013-03-05 01:59:36
IssueCommentEvent,2013-03-05 17:01:31
MemberEvent,2013-03-05 17:13:51
GollumEvent,2013-03-05 17:29:55
IssueCommentEvent,2013-03-05 17:32:01
PushEvent,2013-03-05 17:39:51
PushEvent,2013-03-05 17:39:46
CommitCommentEvent,2013-03-18 15:59:36
CommitCommentEvent,2013-03-18 15:59:52
IssueCommentEvent,2012-11-14 15:42:25
PushEvent,2012-05-27 08:06:46
PushEvent,2012-05-27 08:06:45
PushEvent,2012-05-26 05:31:14
PushEvent,2012-05-26 05:31:13
IssuesEvent,2012-06-07 00:22:12
PushEvent,2012-06-01 20:18:40
PushEvent,2012-06-01 20:18:43
ForkEvent,2012-06-01 20:54:35
ForkEvent,2012-06-01 20:54:45
CreateEvent,2012-06-01 21:00:44
CreateEvent,2012-06-01 21:01:31
PullRequestEvent,2012-06-02 06:40:45
IssueCommentEvent,2012-06-02 06:40:45
IssueCommentEvent,2012-06-02 06:47:50
PushEvent,2012-05-24 07:31:04
PushEvent,2012-05-24 07:31:08
PullRequestEvent,2012-05-24 07:33:53
PushEvent,2012-05-24 07:33:53
PushEvent,2012-05-24 07:34:54
PushEvent,2012-05-24 07:34:52
ForkEvent,2012-12-08 05:38:41
MemberEvent,2012-12-08 05:49:06
MemberEvent,2012-12-08 05:49:03
MemberEvent,2012-12-08 05:54:11
PushEvent,2012-05-24 21:38:16
PushEvent,2012-05-24 21:38:13
PushEvent,2012-06-01 20:18:40
PushEvent,2012-06-01 20:18:43
ForkEvent,2012-06-01 20:54:35
ForkEvent,2012-06-01 20:54:45
CreateEvent,2012-06-01 21:00:44
CreateEvent,2012-06-01 21:01:31
ForkEvent,2012-04-14 17:39:31
CreateEvent,2012-04-14 17:44:03
PullRequestEvent,2012-04-14 17:44:34
CommitCommentEvent,2013-02-24 03:10:38
CommitCommentEvent,2013-02-24 03:12:05
PullRequestReviewCommentEvent,2013-02-24 03:16:13
PullRequestReviewCommentEvent,2013-02-24 03:16:21
PullRequestReviewCommentEvent,2013-02-24 03:21:51
PullRequestReviewCommentEvent,2013-02-24 03:25:37
PushEvent,2013-02-24 02:38:54
PullRequestEvent,2013-02-24 02:38:53
IssuesEvent,2013-02-24 03:00:42
IssueCommentEvent,2013-02-24 03:00:42
CreateEvent,2012-06-23 01:07:23
CreateEvent,2012-06-23 01:07:41
CreateEvent,2012-06-23 01:08:15
CreateEvent,2012-06-23 01:08:35
IssueCommentEvent,2012-06-14 01:07:26
IssueCommentEvent,2012-06-14 01:11:09
IssueCommentEvent,2012-06-14 01:16:56
IssuesEvent,2012-06-14 01:20:43
IssueCommentEvent,2012-06-14 01:20:43
IssueCommentEvent,2012-06-14 01:21:24
IssuesEvent,2012-06-14 01:21:24
IssueCommentEvent,2012-06-14 01:23:07
IssueCommentEvent,2012-06-14 01:24:20
IssueCommentEvent,2012-06-14 01:26:38
PushEvent,2012-04-24 04:23:41
PushEvent,2012-04-24 04:27:21
GollumEvent,2012-03-26 19:05:36
PushEvent,2012-03-26 20:59:46
IssuesEvent,2012-06-24 22:31:54
PushEvent,2012-05-20 20:44:42
IssueCommentEvent,2012-05-14 20:23:20
PullRequestEvent,2012-05-07 15:08:47
PushEvent,2012-05-07 15:08:47
GollumEvent,2012-04-10 23:25:45
PushEvent,2012-04-10 14:54:35
PushEvent,2012-12-13 01:50:25
PushEvent,2012-12-13 01:53:25
CommitCommentEvent,2012-12-19 05:29:18
PushEvent,2012-12-13 04:47:06
IssueCommentEvent,2013-02-15 20:55:27
PushEvent,2012-05-27 06:54:35
PushEvent,2012-05-27 06:54:37
GollumEvent,2012-12-05 16:55:36
GollumEvent,2012-12-05 16:57:24
PushEvent,2012-11-14 20:23:09
PushEvent,2012-11-14 20:24:32
PushEvent,2012-11-14 20:24:31
IssueCommentEvent,2012-05-22 05:11:50
PushEvent,2012-05-20 22:16:39
PushEvent,2012-05-18 23:55:10
PushEvent,2012-05-25 00:47:03
PushEvent,2012-05-25 00:47:07
PushEvent,2012-05-30 20:26:28
PushEvent,2012-05-30 20:26:26
PushEvent,2012-05-30 20:58:01
PushEvent,2012-05-30 20:58:00
PushEvent,2012-12-29 01:26:18
PushEvent,2012-12-29 01:26:42
PushEvent,2012-12-29 01:29:57
PushEvent,2012-12-29 01:44:08
PushEvent,2012-12-29 01:53:49
PushEvent,2012-12-29 01:54:20
PushEvent,2012-12-29 01:54:28
IssueCommentEvent,2012-06-08 05:54:38
PushEvent,2012-06-09 06:11:40
PushEvent,2012-06-09 06:11:38
IssuesEvent,2012-06-09 06:11:38
PushEvent,2012-06-09 07:35:01
IssuesEvent,2012-06-09 07:35:01
PushEvent,2012-06-09 07:35:03
IssueCommentEvent,2012-06-09 07:35:34
IssueCommentEvent,2012-06-09 07:44:53
PullRequestReviewCommentEvent,2012-06-09 07:46:04
PullRequestReviewCommentEvent,2012-06-09 07:47:01
IssueCommentEvent,2012-06-09 07:48:00
IssueCommentEvent,2012-06-09 18:42:19
IssueCommentEvent,2012-06-09 18:43:19
PullRequestEvent,2012-06-09 18:43:38
IssueCommentEvent,2012-06-09 18:43:38
IssueCommentEvent,2012-06-08 01:52:51
IssuesEvent,2012-06-09 05:06:57
IssueCommentEvent,2012-06-09 05:06:56
IssueCommentEvent,2012-06-09 05:08:28
IssuesEvent,2012-06-09 05:08:28
PushEvent,2012-06-09 05:51:22
IssuesEvent,2012-06-09 05:51:22
PushEvent,2012-06-09 05:51:23
MemberEvent,2012-07-11 21:54:17
PushEvent,2012-06-11 04:32:55
PullRequestEvent,2012-06-11 04:32:54
IssueCommentEvent,2012-06-11 04:34:22
IssueCommentEvent,2012-06-14 01:07:26
IssueCommentEvent,2012-06-14 01:11:09
IssueCommentEvent,2012-06-14 01:16:56
IssuesEvent,2012-06-14 01:20:43
IssueCommentEvent,2012-06-14 01:20:43
IssueCommentEvent,2012-06-14 01:21:24
IssuesEvent,2012-06-14 01:21:24
IssueCommentEvent,2012-06-14 01:23:07
IssueCommentEvent,2012-06-14 01:24:20
IssueCommentEvent,2012-06-14 01:26:38
WatchEvent,2012-06-20 01:17:49
CommitCommentEvent,2012-05-22 23:01:41
CommitCommentEvent,2012-05-22 23:02:01
CommitCommentEvent,2012-05-22 23:03:24
CommitCommentEvent,2012-05-22 23:04:30
CommitCommentEvent,2012-05-22 23:06:41
CommitCommentEvent,2012-05-22 23:08:53
CommitCommentEvent,2012-05-22 23:09:48
CommitCommentEvent,2012-05-22 23:10:17
CommitCommentEvent,2012-05-22 23:11:56
CommitCommentEvent,2012-05-22 23:13:13
CreateEvent,2012-07-20 00:10:11
CreateEvent,2012-07-20 00:10:29
CreateEvent,2012-07-20 00:11:02
CreateEvent,2012-07-20 00:11:13
PushEvent,2012-05-24 06:31:11
PushEvent,2012-05-24 06:31:12
PushEvent,2012-06-06 06:28:04
PushEvent,2012-06-06 06:28:06
IssuesEvent,2012-06-06 06:28:48
IssueCommentEvent,2012-06-06 06:28:48
IssueCommentEvent,2012-06-06 06:34:11
IssuesEvent,2012-06-06 06:34:11
PushEvent,2012-06-06 06:34:10
PushEvent,2012-06-06 06:34:08
IssueCommentEvent,2012-06-06 06:38:36
PushEvent,2012-06-06 06:49:17
PushEvent,2012-06-06 06:49:15
IssuesEvent,2012-06-06 06:49:42
IssueCommentEvent,2012-06-06 06:49:42
PushEvent,2012-06-06 06:55:50
PullRequestEvent,2012-06-06 06:55:49
IssueCommentEvent,2012-06-06 06:55:54
PushEvent,2012-06-06 06:56:20
PushEvent,2013-02-11 02:25:55
PushEvent,2013-02-11 02:27:01
PushEvent,2013-02-11 02:32:27
PushEvent,2013-02-11 02:39:01
PushEvent,2013-03-06 18:24:20
IssuesEvent,2012-05-08 05:21:00
IssueCommentEvent,2012-05-08 05:25:39
IssueCommentEvent,2012-05-08 05:44:51
IssueCommentEvent,2012-05-08 05:52:02
IssueCommentEvent,2012-05-08 05:53:32
IssueCommentEvent,2012-05-07 21:24:46
PushEvent,2013-02-04 18:19:04
PushEvent,2012-06-06 07:10:16
PushEvent,2012-06-06 07:10:15
IssuesEvent,2012-06-06 07:10:14
PushEvent,2012-06-06 07:19:13
PushEvent,2012-06-06 07:19:12
IssueCommentEvent,2013-03-05 18:09:38
PushEvent,2013-03-05 20:05:53
PushEvent,2013-03-05 20:11:57
IssuesEvent,2013-03-05 20:15:51
IssueCommentEvent,2012-05-10 19:26:25
IssueCommentEvent,2012-05-10 19:42:00
IssueCommentEvent,2012-05-14 22:23:52
PushEvent,2012-12-17 06:47:00
PushEvent,2012-12-17 06:53:51
IssuesEvent,2012-06-07 01:47:00
PushEvent,2012-05-17 22:32:52
IssuesEvent,2012-06-06 00:57:44
IssuesEvent,2012-06-06 00:57:43
IssueCommentEvent,2012-06-06 00:57:43
IssueCommentEvent,2012-05-18 06:22:14
PullRequestEvent,2012-05-18 06:22:15
IssueCommentEvent,2012-05-18 06:22:52
IssueCommentEvent,2012-05-18 06:24:47
IssueCommentEvent,2012-05-13 17:47:31
IssueCommentEvent,2012-05-13 17:50:33
IssueCommentEvent,2012-05-16 04:10:32
IssuesEvent,2012-05-16 04:12:47
IssueCommentEvent,2012-05-16 04:12:46
IssuesEvent,2012-06-24 22:31:54
IssuesEvent,2012-10-31 20:12:55
IssueCommentEvent,2012-10-31 20:12:55
IssuesEvent,2012-11-01 21:50:12
IssueCommentEvent,2012-11-01 21:50:12
IssueCommentEvent,2012-05-25 04:08:29
IssuesEvent,2012-06-06 00:57:44
IssuesEvent,2012-06-06 00:57:43
IssueCommentEvent,2012-06-06 00:57:43
IssueCommentEvent,2012-05-18 06:22:14
PullRequestEvent,2012-05-18 06:22:15
IssueCommentEvent,2012-05-18 06:22:52
IssueCommentEvent,2012-05-18 06:24:47
IssueCommentEvent,2012-06-08 04:15:28
IssueCommentEvent,2012-06-08 04:17:32
IssuesEvent,2012-06-08 04:17:33
PushEvent,2012-12-10 05:30:36
PushEvent,2012-05-31 07:10:55
PushEvent,2012-05-31 07:10:56
PushEvent,2012-05-19 05:42:47
PushEvent,2012-05-31 18:47:58
PushEvent,2012-05-31 18:48:01
IssueCommentEvent,2012-11-15 17:59:17
PushEvent,2012-05-17 22:32:52
IssuesEvent,2012-06-06 00:57:44
IssuesEvent,2012-06-06 00:57:43
IssueCommentEvent,2012-06-06 00:57:43
IssueCommentEvent,2012-05-18 06:22:14
PullRequestEvent,2012-05-18 06:22:15
IssueCommentEvent,2012-05-18 06:22:52
IssueCommentEvent,2012-05-18 06:24:47
PullRequestReviewCommentEvent,2013-03-27 05:02:16
PullRequestReviewCommentEvent,2013-03-27 05:02:35
PullRequestReviewCommentEvent,2013-03-27 05:05:14
PullRequestReviewCommentEvent,2013-03-27 05:13:49
PullRequestReviewCommentEvent,2013-03-27 05:15:25
PullRequestReviewCommentEvent,2013-03-27 05:46:56
PushEvent,2012-05-02 00:35:22
PushEvent,2012-04-02 02:11:56
PushEvent,2012-04-02 05:52:30
PushEvent,2012-03-22 20:34:41
GollumEvent,2012-04-10 23:25:45
IssueCommentEvent,2012-11-14 04:15:58
ForkEvent,2012-12-17 04:32:34
IssuesEvent,2013-01-28 22:44:58
IssuesEvent,2012-06-24 21:12:12
IssuesEvent,2012-06-24 21:12:56
PushEvent,2012-08-19 23:34:25
IssueCommentEvent,2012-08-19 23:35:16
IssuesEvent,2012-08-19 23:35:16
IssueCommentEvent,2012-08-19 23:35:40
IssuesEvent,2012-08-19 23:35:40
PullRequestEvent,2012-08-19 23:35:57
IssueCommentEvent,2012-08-19 23:35:57
IssueCommentEvent,2012-08-19 23:39:21
IssuesEvent,2012-08-19 23:39:21
IssueCommentEvent,2012-08-19 23:40:42
IssuesEvent,2012-08-19 23:40:49
IssueCommentEvent,2012-08-19 23:41:19
IssuesEvent,2012-08-19 23:41:19
IssuesEvent,2012-08-19 23:41:39
IssueCommentEvent,2012-08-19 23:41:38
CreateEvent,2012-07-20 00:10:11
CreateEvent,2012-07-20 00:10:29
CreateEvent,2012-07-20 00:11:02
CreateEvent,2012-07-20 00:11:13
IssueCommentEvent,2012-07-13 00:37:03
ForkEvent,2012-07-16 22:08:11
PushEvent,2012-04-22 20:52:45
PushEvent,2012-04-23 02:20:49
PushEvent,2012-04-23 02:22:24
PushEvent,2012-04-23 02:41:41
PushEvent,2012-04-23 06:21:11
PushEvent,2012-04-23 06:36:12
PushEvent,2012-04-23 06:50:51
DeleteEvent,2012-04-23 06:56:55
CreateEvent,2012-04-23 06:57:09
DeleteEvent,2012-04-23 06:57:44
PushEvent,2012-04-23 07:01:11
PushEvent,2012-05-29 22:47:11
PushEvent,2012-05-29 22:47:11
PushEvent,2012-05-26 21:31:11
PushEvent,2012-05-26 21:31:10
PushEvent,2012-08-19 23:34:25
IssueCommentEvent,2012-08-19 23:35:16
IssuesEvent,2012-08-19 23:35:16
IssueCommentEvent,2012-08-19 23:35:40
IssuesEvent,2012-08-19 23:35:40
PullRequestEvent,2012-08-19 23:35:57
IssueCommentEvent,2012-08-19 23:35:57
IssueCommentEvent,2012-08-19 23:39:21
IssuesEvent,2012-08-19 23:39:21
IssueCommentEvent,2012-08-19 23:40:42
IssuesEvent,2012-08-19 23:40:49
IssueCommentEvent,2012-08-19 23:41:19
IssuesEvent,2012-08-19 23:41:19
IssuesEvent,2012-08-19 23:41:39
IssueCommentEvent,2012-08-19 23:41:38
GistEvent,2012-06-29 21:00:14
PushEvent,2012-05-30 20:26:28
PushEvent,2012-05-30 20:26:26
PushEvent,2012-05-30 20:58:01
PushEvent,2012-05-30 20:58:00
PushEvent,2012-06-06 06:28:04
PushEvent,2012-06-06 06:28:06
IssuesEvent,2012-06-06 06:28:48
IssueCommentEvent,2012-06-06 06:28:48
IssueCommentEvent,2012-06-06 06:34:11
IssuesEvent,2012-06-06 06:34:11
PushEvent,2012-06-06 06:34:10
PushEvent,2012-06-06 06:34:08
IssueCommentEvent,2012-06-06 06:38:36
PushEvent,2012-06-06 06:49:17
PushEvent,2012-06-06 06:49:15
IssuesEvent,2012-06-06 06:49:42
IssueCommentEvent,2012-06-06 06:49:42
PushEvent,2012-06-06 06:55:50
PullRequestEvent,2012-06-06 06:55:49
IssueCommentEvent,2012-06-06 06:55:54
PushEvent,2012-06-06 06:56:20
IssuesEvent,2013-03-31 19:03:27
IssueCommentEvent,2013-03-31 19:03:27
IssueCommentEvent,2013-03-31 19:11:28
IssuesEvent,2012-12-13 16:05:03
IssuesEvent,2012-12-13 16:05:29
PushEvent,2012-05-29 22:47:11
PushEvent,2012-05-29 22:47:11
PushEvent,2012-05-26 21:31:11
PushEvent,2012-05-26 21:31:10
PushEvent,2012-05-19 04:51:51
PushEvent,2012-05-31 06:26:42
PushEvent,2012-05-31 06:26:38
PushEvent,2012-05-31 06:48:43
PushEvent,2012-06-06 05:23:54
PushEvent,2012-06-06 05:23:53
IssuesEvent,2012-06-06 05:24:04
IssueCommentEvent,2012-06-06 05:24:04
IssueCommentEvent,2012-06-06 05:24:56
PullRequestReviewCommentEvent,2013-03-27 04:33:28
GollumEvent,2013-03-27 04:42:36
IssuesEvent,2012-08-31 22:58:53
PushEvent,2012-05-31 16:49:51
PushEvent,2012-05-31 16:49:51
PushEvent,2012-05-31 16:52:43
PullRequestEvent,2012-05-31 16:52:42
IssueCommentEvent,2012-05-31 16:53:56
GollumEvent,2013-03-09 00:07:52
GollumEvent,2013-03-09 00:09:17
PushEvent,2012-05-19 06:04:36
PushEvent,2012-05-19 06:22:27
PushEvent,2012-05-19 06:22:35
PushEvent,2012-05-30 19:37:37
PushEvent,2012-05-30 19:37:40
IssueCommentEvent,2012-08-18 18:29:18
PushEvent,2012-12-13 05:11:58
PushEvent,2012-12-13 05:23:11
PushEvent,2012-12-13 05:25:58
PushEvent,2012-12-13 05:27:41
CreateEvent,2012-12-13 05:45:35
IssueCommentEvent,2013-01-18 18:00:45
IssueCommentEvent,2012-05-13 05:03:46
IssueCommentEvent,2012-05-13 05:07:46
IssueCommentEvent,2012-05-13 05:35:42
IssuesEvent,2012-05-13 05:44:24
IssueCommentEvent,2012-05-13 05:52:30
CommitCommentEvent,2012-03-30 01:15:53
PushEvent,2012-03-29 08:06:14
PushEvent,2012-03-30 06:11:58
PushEvent,2012-03-29 16:21:07
PullRequestReviewCommentEvent,2013-03-04 18:01:00
IssueCommentEvent,2013-03-04 18:02:04
PushEvent,2013-03-04 20:29:04
PullRequestEvent,2013-03-04 20:29:04
PushEvent,2013-03-04 20:30:44
PushEvent,2013-03-04 20:37:12
PullRequestEvent,2013-03-04 20:37:21
IssueCommentEvent,2013-03-04 20:37:21
PullRequestEvent,2013-03-04 20:37:35
IssueCommentEvent,2013-03-04 20:37:35
PushEvent,2013-03-04 20:40:26
PushEvent,2013-03-04 20:42:01
PushEvent,2013-03-04 20:42:12
PushEvent,2013-03-04 21:24:47
PushEvent,2013-03-04 21:30:00
PushEvent,2013-03-04 21:30:36
PushEvent,2013-03-04 21:36:28
PushEvent,2012-04-07 21:56:51
PushEvent,2012-04-07 21:58:18
PushEvent,2012-04-07 22:07:48
PushEvent,2012-04-08 02:06:07
IssueCommentEvent,2013-04-09 16:08:53
IssuesEvent,2013-04-09 16:08:53
PullRequestReviewCommentEvent,2013-04-09 16:37:58
PullRequestReviewCommentEvent,2013-04-09 16:38:44
MemberEvent,2013-01-30 21:19:59
IssueCommentEvent,2012-12-11 00:08:34
PushEvent,2012-12-11 00:51:02
PullRequestEvent,2012-12-11 00:51:28
PullRequestEvent,2012-12-11 00:51:27
PullRequestEvent,2012-12-11 00:51:27
IssuesEvent,2012-12-11 00:51:27
IssuesEvent,2012-12-11 00:51:27
IssueCommentEvent,2012-12-11 00:52:07
IssueCommentEvent,2012-11-09 16:05:52
IssueCommentEvent,2012-11-09 17:00:49
PushEvent,2012-12-31 05:04:36
PushEvent,2012-12-31 05:05:30
PushEvent,2012-12-31 05:50:28
PushEvent,2012-12-31 05:51:42
IssueCommentEvent,2012-12-15 19:42:05
IssueCommentEvent,2012-12-15 19:52:28
PullRequestEvent,2012-12-15 19:54:20
PushEvent,2012-12-18 07:25:57
PushEvent,2012-12-18 07:33:04
PushEvent,2012-12-18 07:35:44
PushEvent,2013-01-16 16:01:25
ForkEvent,2012-04-14 17:39:31
CreateEvent,2012-04-14 17:44:03
PullRequestEvent,2012-04-14 17:44:34
PullRequestReviewCommentEvent,2012-12-14 17:13:17
PullRequestReviewCommentEvent,2012-12-14 17:13:50
PullRequestReviewCommentEvent,2012-12-14 17:15:17
PullRequestReviewCommentEvent,2012-12-14 17:16:07
PullRequestReviewCommentEvent,2012-12-14 17:16:35
PullRequestReviewCommentEvent,2012-12-14 17:18:02
PullRequestReviewCommentEvent,2012-12-14 17:19:19
PullRequestReviewCommentEvent,2012-12-14 17:19:56
PullRequestReviewCommentEvent,2012-12-14 17:47:33
IssuesEvent,2012-09-15 02:53:09
IssueCommentEvent,2012-09-15 02:53:09
IssueCommentEvent,2012-09-15 02:55:22
IssuesEvent,2012-09-15 02:55:22
CreateEvent,2012-08-03 00:44:07
CreateEvent,2012-08-03 00:44:24
CreateEvent,2012-08-03 00:45:08
CreateEvent,2012-08-03 00:45:26
PushEvent,2012-03-11 18:34:10
PushEvent,2012-03-11 18:34:18
PushEvent,2012-03-11 18:38:14
PushEvent,2012-12-29 18:32:46
PushEvent,2012-12-29 18:32:53
PushEvent,2012-04-22 05:00:37
PushEvent,2012-05-20 22:16:39
PushEvent,2012-05-18 23:55:10
PullRequestEvent,2012-09-27 14:23:09
IssueCommentEvent,2012-09-27 14:23:08
IssueCommentEvent,2012-09-26 21:54:46
IssuesEvent,2012-07-25 00:26:45
IssueCommentEvent,2012-07-25 00:26:44
IssueCommentEvent,2012-05-14 16:30:49
IssueCommentEvent,2012-06-21 04:34:11
IssuesEvent,2012-08-20 00:20:53
IssueCommentEvent,2012-08-20 00:20:53
PushEvent,2012-05-29 01:52:00
PushEvent,2012-05-29 01:51:58
PushEvent,2012-05-27 06:54:35
PushEvent,2012-05-27 06:54:37
PushEvent,2012-05-24 21:38:16
PushEvent,2012-05-24 21:38:13
PushEvent,2012-04-20 14:28:25
PushEvent,2012-05-19 01:55:54
IssueCommentEvent,2012-05-22 05:11:50
PushEvent,2012-12-29 02:14:22
PushEvent,2012-12-29 02:14:35
PushEvent,2012-12-29 02:14:44
PushEvent,2012-12-29 02:46:03
PushEvent,2012-12-29 02:46:29
PushEvent,2012-12-29 02:55:30
PushEvent,2012-12-10 02:48:48
PullRequestReviewCommentEvent,2013-03-28 15:44:28
PullRequestReviewCommentEvent,2013-03-28 15:45:54
PullRequestReviewCommentEvent,2013-03-28 15:46:35
PullRequestReviewCommentEvent,2013-03-28 15:47:50
PullRequestReviewCommentEvent,2013-03-28 15:48:04
PullRequestReviewCommentEvent,2013-03-28 15:49:12
PullRequestReviewCommentEvent,2013-03-28 15:49:26
PullRequestReviewCommentEvent,2013-03-28 15:49:47
PullRequestReviewCommentEvent,2013-03-28 15:50:15
PullRequestReviewCommentEvent,2013-03-28 15:50:32
PullRequestReviewCommentEvent,2013-03-28 15:53:02
PullRequestReviewCommentEvent,2013-03-28 15:54:52
PullRequestReviewCommentEvent,2013-03-28 15:56:45
PullRequestReviewCommentEvent,2013-03-28 15:57:01
PullRequestReviewCommentEvent,2013-03-28 15:57:31
PullRequestReviewCommentEvent,2013-03-28 16:00:12
IssuesEvent,2012-06-24 21:12:12
IssuesEvent,2012-06-24 21:12:56
IssueCommentEvent,2012-06-24 19:12:36
PushEvent,2012-04-02 02:11:56
PushEvent,2012-04-02 05:52:30
PushEvent,2012-04-02 07:15:37
IssueCommentEvent,2012-05-15 05:27:17
IssueCommentEvent,2012-05-13 05:03:46
IssueCommentEvent,2012-05-13 05:07:46
IssueCommentEvent,2012-05-13 05:35:42
IssuesEvent,2012-05-13 05:44:24
IssueCommentEvent,2012-05-13 05:52:30
PullRequestReviewCommentEvent,2013-04-11 22:48:03
PullRequestReviewCommentEvent,2013-04-11 22:48:40
PullRequestReviewCommentEvent,2013-04-11 22:49:08
PullRequestReviewCommentEvent,2013-04-11 22:50:23
PullRequestReviewCommentEvent,2013-04-11 22:50:39
PullRequestReviewCommentEvent,2013-04-11 22:52:14
PullRequestReviewCommentEvent,2013-04-11 22:52:36
PullRequestReviewCommentEvent,2013-04-11 22:52:44
PullRequestReviewCommentEvent,2013-04-11 22:56:06
PullRequestReviewCommentEvent,2013-04-11 22:56:37
PullRequestReviewCommentEvent,2013-04-11 22:57:21
PullRequestReviewCommentEvent,2013-04-11 22:58:20
PullRequestReviewCommentEvent,2013-04-11 22:58:36
PullRequestReviewCommentEvent,2013-04-11 22:59:12
PullRequestReviewCommentEvent,2013-04-11 22:59:32
PullRequestReviewCommentEvent,2013-04-11 23:00:23
PullRequestReviewCommentEvent,2013-04-11 23:00:42
CommitCommentEvent,2012-04-25 03:26:47
CommitCommentEvent,2012-04-25 03:30:32
CommitCommentEvent,2012-04-25 03:31:28
CommitCommentEvent,2012-04-25 03:31:39
CommitCommentEvent,2012-04-25 03:36:28
CommitCommentEvent,2012-04-25 03:36:59
CommitCommentEvent,2012-04-25 03:37:15
CommitCommentEvent,2012-04-25 03:38:27
PullRequestEvent,2012-06-02 06:40:45
IssueCommentEvent,2012-06-02 06:40:45
IssueCommentEvent,2012-06-02 06:47:50
PushEvent,2013-04-02 04:37:47
PushEvent,2013-03-05 19:23:44
PushEvent,2013-03-05 19:23:40
IssueCommentEvent,2012-05-13 22:51:43
IssueCommentEvent,2012-05-13 05:01:33
IssueCommentEvent,2013-02-14 04:20:44
IssueCommentEvent,2012-07-23 16:22:39
CommitCommentEvent,2012-04-25 03:26:47
CommitCommentEvent,2012-04-25 03:30:32
CommitCommentEvent,2012-04-25 03:31:28
CommitCommentEvent,2012-04-25 03:31:39
CommitCommentEvent,2012-04-25 03:36:28
CommitCommentEvent,2012-04-25 03:36:59
CommitCommentEvent,2012-04-25 03:37:15
CommitCommentEvent,2012-04-25 03:38:27
CreateEvent,2012-03-29 06:30:07
PushEvent,2012-03-29 06:33:45
PushEvent,2012-03-29 06:34:43
IssuesEvent,2013-03-11 15:27:34
PushEvent,2012-04-07 21:56:51
PushEvent,2012-04-07 21:58:18
PushEvent,2012-04-07 22:07:48
PushEvent,2012-04-08 02:06:07
CreateEvent,2012-06-23 00:51:00
CreateEvent,2012-06-23 00:51:54
CreateEvent,2012-06-23 00:59:27
CreateEvent,2012-06-23 01:00:51
IssueCommentEvent,2013-01-30 02:24:44
IssuesEvent,2013-01-30 02:27:42
IssueCommentEvent,2012-06-25 15:43:48
IssueCommentEvent,2012-06-25 15:47:34
IssueCommentEvent,2012-07-05 03:35:55
IssuesEvent,2012-07-05 03:35:55
IssueCommentEvent,2012-07-05 03:36:03
IssueCommentEvent,2012-07-05 03:36:02
PushEvent,2013-04-11 17:07:51
IssueCommentEvent,2012-05-09 22:47:57
IssueCommentEvent,2012-05-08 17:41:48
IssueCommentEvent,2012-05-08 17:53:20
IssueCommentEvent,2012-05-08 06:10:10
IssueCommentEvent,2012-05-08 06:20:25
IssuesEvent,2012-05-08 06:37:27
IssueCommentEvent,2012-06-17 20:14:52
PushEvent,2012-06-17 20:28:35
PushEvent,2012-06-17 20:28:34
IssuesEvent,2012-06-17 20:28:33
PushEvent,2012-06-17 20:50:20
PushEvent,2012-06-17 20:50:19
IssuesEvent,2012-06-17 20:50:18
PushEvent,2012-12-08 22:02:58
PushEvent,2012-05-31 06:26:42
PushEvent,2012-05-31 06:26:38
PushEvent,2012-05-31 06:48:43
PushEvent,2012-06-06 05:23:54
PushEvent,2012-06-06 05:23:53
IssuesEvent,2012-06-06 05:24:04
IssueCommentEvent,2012-06-06 05:24:04
IssueCommentEvent,2012-06-06 05:24:56
IssueCommentEvent,2013-02-21 03:10:40
PushEvent,2013-02-21 03:26:34
IssueCommentEvent,2013-02-21 03:33:41
MemberEvent,2013-02-21 06:01:08
MemberEvent,2013-02-21 06:01:04
IssueCommentEvent,2013-02-21 06:01:33
PushEvent,2013-02-21 05:59:09
IssueCommentEvent,2013-02-21 06:00:34
PushEvent,2012-03-11 18:34:10
PushEvent,2012-03-11 18:34:18
PushEvent,2012-03-11 18:38:14
IssuesEvent,2012-05-08 05:21:00
IssueCommentEvent,2012-05-08 05:25:39
IssueCommentEvent,2012-05-08 05:44:51
IssueCommentEvent,2012-05-08 05:52:02
IssueCommentEvent,2012-05-08 05:53:32
CommitCommentEvent,2012-04-19 21:25:42
GollumEvent,2012-03-26 19:05:36
PushEvent,2012-03-26 20:59:46
GistEvent,2012-06-29 21:00:14
IssueCommentEvent,2012-05-09 22:47:57
IssueCommentEvent,2012-05-08 17:41:48
IssueCommentEvent,2012-05-08 17:53:20
IssueCommentEvent,2012-05-08 06:10:10
IssueCommentEvent,2012-05-08 06:20:25
IssuesEvent,2012-05-08 06:37:27
IssueCommentEvent,2012-06-08 04:15:28
IssueCommentEvent,2012-06-08 04:17:32
IssuesEvent,2012-06-08 04:17:33
IssueCommentEvent,2012-06-08 05:54:38
PushEvent,2012-06-09 06:11:40
PushEvent,2012-06-09 06:11:38
IssuesEvent,2012-06-09 06:11:38
GollumEvent,2013-03-08 18:44:55
PushEvent,2013-03-09 02:29:31
IssuesEvent,2013-03-09 02:46:08
IssueCommentEvent,2013-03-09 02:47:09
ForkEvent,2012-04-14 17:39:31
CreateEvent,2012-04-14 17:44:03
PullRequestEvent,2012-04-14 17:44:34
GollumEvent,2013-03-08 17:54:26
GollumEvent,2013-03-08 17:56:57
GollumEvent,2013-03-08 20:39:24
GollumEvent,2013-03-08 20:41:43
GollumEvent,2013-03-08 20:43:04
GollumEvent,2013-03-08 20:43:48
GollumEvent,2013-03-08 20:45:00
GollumEvent,2013-03-08 20:45:50
GollumEvent,2013-03-08 20:46:05
GollumEvent,2013-03-08 20:47:45
GollumEvent,2013-03-08 20:49:14
GollumEvent,2013-03-08 20:53:16
GollumEvent,2013-03-08 20:55:51
PullRequestEvent,2013-03-08 16:43:11
GollumEvent,2013-03-08 21:08:26
GollumEvent,2013-03-08 21:09:00
PullRequestEvent,2013-03-08 21:10:43
IssueCommentEvent,2013-03-08 21:10:43
PushEvent,2013-03-08 21:23:53
PullRequestEvent,2013-03-08 21:23:52
PullRequestEvent,2013-03-08 21:24:53
IssueCommentEvent,2013-03-08 21:24:53
GollumEvent,2013-03-08 21:31:55
PullRequestReviewCommentEvent,2013-03-08 21:33:56
PushEvent,2013-03-08 22:33:28
PullRequestEvent,2013-03-08 22:33:27
PullRequestEvent,2013-03-08 22:54:36
IssueCommentEvent,2013-03-08 22:54:36
PushEvent,2012-03-22 20:34:41
IssueCommentEvent,2012-05-15 05:27:17
IssueCommentEvent,2012-05-13 05:03:46
IssueCommentEvent,2012-05-13 05:07:46
IssueCommentEvent,2012-05-13 05:35:42
IssuesEvent,2012-05-13 05:44:24
IssueCommentEvent,2012-05-13 05:52:30
PushEvent,2012-04-20 14:28:25
IssueCommentEvent,2012-05-10 19:26:25
IssueCommentEvent,2012-05-10 19:42:00
PushEvent,2012-04-08 08:17:23
IssueCommentEvent,2012-06-25 15:43:48
IssueCommentEvent,2012-06-25 15:47:34
IssueCommentEvent,2012-07-05 03:35:55
IssuesEvent,2012-07-05 03:35:55
IssueCommentEvent,2012-07-05 03:36:03
IssueCommentEvent,2012-07-05 03:36:02
IssueCommentEvent,2013-02-19 04:16:22
CommitCommentEvent,2013-02-19 04:23:09
CommitCommentEvent,2013-02-19 04:24:06
CommitCommentEvent,2013-02-19 04:27:14
CommitCommentEvent,2013-02-19 04:28:52
PushEvent,2013-02-19 04:54:03
PushEvent,2012-12-18 04:37:31
PullRequestReviewCommentEvent,2012-12-18 04:40:00
ForkEvent,2012-12-17 23:11:36
CreateEvent,2012-12-17 23:15:01
MemberEvent,2012-12-17 23:15:09
IssueCommentEvent,2012-06-23 17:21:52
IssueCommentEvent,2012-06-23 17:29:38
IssuesEvent,2013-01-13 22:35:20
IssuesEvent,2013-01-13 22:48:15
IssueCommentEvent,2012-09-12 20:07:14
IssueCommentEvent,2012-06-20 22:12:57
IssueCommentEvent,2012-06-17 20:14:52
PushEvent,2012-06-17 20:28:35
PushEvent,2012-06-17 20:28:34
IssuesEvent,2012-06-17 20:28:33
PushEvent,2012-06-17 20:50:20
PushEvent,2012-06-17 20:50:19
IssuesEvent,2012-06-17 20:50:18
PushEvent,2012-04-30 05:32:11
IssueCommentEvent,2013-03-04 16:17:20
IssueCommentEvent,2012-06-21 04:34:11
IssueCommentEvent,2012-06-20 22:12:57
PushEvent,2013-02-21 15:48:14
IssuesEvent,2012-08-20 00:20:53
IssueCommentEvent,2012-08-20 00:20:53
PushEvent,2012-12-13 02:49:16
PushEvent,2012-05-19 04:51:51
CommitCommentEvent,2012-05-22 22:30:33
CommitCommentEvent,2012-05-22 22:33:01
CommitCommentEvent,2012-05-22 22:37:28
CommitCommentEvent,2012-05-22 22:38:00
CommitCommentEvent,2012-05-22 22:42:39
CommitCommentEvent,2012-05-22 22:43:29
CommitCommentEvent,2012-05-22 22:44:02
CommitCommentEvent,2012-05-22 22:45:13
CommitCommentEvent,2012-05-22 22:46:59
CommitCommentEvent,2012-05-22 22:48:14
CommitCommentEvent,2012-05-22 22:49:09
CommitCommentEvent,2012-05-22 22:49:39
CommitCommentEvent,2012-05-22 22:49:48
CommitCommentEvent,2012-05-22 22:50:20
CommitCommentEvent,2012-05-22 22:50:49
CommitCommentEvent,2012-05-22 22:51:18
CommitCommentEvent,2012-05-22 22:52:00
CommitCommentEvent,2012-05-22 22:52:42
CommitCommentEvent,2012-05-22 22:54:21
CommitCommentEvent,2012-05-22 22:55:02
CommitCommentEvent,2012-05-22 22:59:11
CommitCommentEvent,2012-05-22 23:00:22
CommitCommentEvent,2012-05-22 23:01:25
CreateEvent,2012-06-01 21:02:45
PushEvent,2012-06-01 21:20:31
PushEvent,2012-06-01 21:20:39
PushEvent,2012-06-01 21:20:44
PullRequestEvent,2012-06-01 21:21:36
PullRequestEvent,2012-06-01 21:21:59
PullRequestEvent,2012-06-01 21:22:16
PushEvent,2012-06-01 21:34:37
CreateEvent,2012-11-18 05:29:12
MemberEvent,2012-11-18 05:31:18
CreateEvent,2012-11-18 05:34:50
PushEvent,2012-12-18 05:56:33
PushEvent,2012-12-18 05:58:57
IssueCommentEvent,2012-05-14 05:44:20
IssueCommentEvent,2012-05-14 05:46:49
IssueCommentEvent,2012-05-13 17:47:31
IssueCommentEvent,2012-05-13 17:50:33
IssueCommentEvent,2012-05-16 04:10:32
IssuesEvent,2012-05-16 04:12:47
IssueCommentEvent,2012-05-16 04:12:46
ForkEvent,2012-07-16 22:08:11
GollumEvent,2012-03-26 19:05:36
PushEvent,2012-03-26 20:59:46
PullRequestReviewCommentEvent,2013-02-20 19:49:39
PullRequestReviewCommentEvent,2013-02-20 19:50:26
PullRequestReviewCommentEvent,2013-02-20 19:51:35
PullRequestReviewCommentEvent,2013-02-20 19:52:00
IssueCommentEvent,2013-03-29 15:02:23
IssueCommentEvent,2012-05-15 05:27:17
IssueCommentEvent,2013-03-03 04:46:27
PushEvent,2013-03-04 01:39:56
IssuesEvent,2013-03-04 01:39:55
PushEvent,2013-03-03 23:41:18
IssueCommentEvent,2012-05-14 05:44:20
IssueCommentEvent,2012-05-14 05:46:49
IssuesEvent,2012-10-25 18:58:31
IssueCommentEvent,2012-10-25 18:58:31
IssuesEvent,2013-01-03 17:21:32
IssuesEvent,2013-01-03 17:43:12
PushEvent,2012-12-11 05:18:34
PushEvent,2012-03-11 18:34:10
PushEvent,2012-03-11 18:34:18
PushEvent,2012-03-11 18:38:14
IssuesEvent,2012-06-07 01:47:00
PushEvent,2012-05-17 22:32:52
PushEvent,2012-05-29 22:47:11
PushEvent,2012-05-29 22:47:11
IssueCommentEvent,2012-05-09 05:02:27
PushEvent,2012-05-24 06:31:11
PushEvent,2012-05-24 06:31:12
PushEvent,2012-06-06 06:28:04
PushEvent,2012-06-06 06:28:06
IssuesEvent,2012-06-06 06:28:48
IssueCommentEvent,2012-06-06 06:28:48
IssueCommentEvent,2012-06-06 06:34:11
IssuesEvent,2012-06-06 06:34:11
PushEvent,2012-06-06 06:34:10
PushEvent,2012-06-06 06:34:08
IssueCommentEvent,2012-06-06 06:38:36
PushEvent,2012-06-06 06:49:17
PushEvent,2012-06-06 06:49:15
IssuesEvent,2012-06-06 06:49:42
IssueCommentEvent,2012-06-06 06:49:42
PushEvent,2012-06-06 06:55:50
PullRequestEvent,2012-06-06 06:55:49
IssueCommentEvent,2012-06-06 06:55:54
PushEvent,2012-06-06 06:56:20
PushEvent,2012-05-25 00:47:03
PushEvent,2012-05-25 00:47:07
IssueCommentEvent,2012-05-14 19:44:36
IssueCommentEvent,2012-05-13 22:51:43
IssueCommentEvent,2012-05-13 05:01:33
IssueCommentEvent,2013-04-03 00:07:31
PushEvent,2013-02-11 01:07:24
DeleteEvent,2013-02-11 01:07:36
PushEvent,2013-02-11 01:09:28
PushEvent,2013-02-10 23:08:05
PushEvent,2012-04-08 08:17:23
IssueCommentEvent,2012-06-08 04:15:28
IssueCommentEvent,2012-06-08 04:17:32
IssuesEvent,2012-06-08 04:17:33
IssueCommentEvent,2012-06-08 05:54:38
PushEvent,2012-06-09 06:11:40
PushEvent,2012-06-09 06:11:38
IssuesEvent,2012-06-09 06:11:38
PushEvent,2012-05-21 02:56:58
PullRequestEvent,2012-05-07 15:08:47
PushEvent,2012-05-07 15:08:47
PullRequestEvent,2013-03-01 20:32:54
PushEvent,2013-03-01 20:32:55
PullRequestEvent,2013-03-01 20:33:05
PushEvent,2013-03-01 20:33:07
PullRequestReviewCommentEvent,2013-03-01 20:39:26
PullRequestReviewCommentEvent,2013-03-01 20:40:32
PushEvent,2013-03-01 20:46:04
PushEvent,2013-03-01 20:46:31
IssuesEvent,2013-03-01 20:47:29
IssueCommentEvent,2013-03-01 20:47:29
IssueCommentEvent,2013-03-02 05:48:04
PushEvent,2013-03-01 21:01:48
PullRequestEvent,2013-03-01 21:01:47
PullRequestReviewCommentEvent,2013-03-02 01:04:26
IssuesEvent,2013-03-02 00:22:35
IssueCommentEvent,2013-03-02 00:53:17
PushEvent,2012-12-30 20:45:19
PushEvent,2012-12-30 20:55:13
PushEvent,2012-12-30 03:31:32
IssuesEvent,2012-07-25 00:26:45
IssueCommentEvent,2012-07-25 00:26:44
MemberEvent,2012-12-17 05:46:09
PushEvent,2012-12-16 04:49:40
IssueCommentEvent,2012-08-09 21:19:44
ForkEvent,2012-08-09 21:21:49
CreateEvent,2012-08-09 21:44:23
CreateEvent,2012-08-09 21:44:52
CreateEvent,2012-08-09 21:45:26
CreateEvent,2012-08-09 21:47:47
IssueCommentEvent,2012-05-14 19:44:36
CommitCommentEvent,2012-04-25 03:26:47
CommitCommentEvent,2012-04-25 03:30:32
CommitCommentEvent,2012-04-25 03:31:28
CommitCommentEvent,2012-04-25 03:31:39
CommitCommentEvent,2012-04-25 03:36:28
CommitCommentEvent,2012-04-25 03:36:59
CommitCommentEvent,2012-04-25 03:37:15
CommitCommentEvent,2012-04-25 03:38:27
PushEvent,2012-04-02 07:15:37
IssuesEvent,2012-10-23 13:56:51
IssueCommentEvent,2012-10-23 13:56:51
IssuesEvent,2012-11-14 23:49:51
IssueCommentEvent,2012-11-14 23:49:51
IssueCommentEvent,2012-11-14 23:54:13
PushEvent,2012-04-22 05:00:37
PushEvent,2012-05-31 07:10:55
PushEvent,2012-05-31 07:10:56
PushEvent,2012-05-19 05:42:47
PushEvent,2012-05-31 18:47:58
PushEvent,2012-05-31 18:48:01
PushEvent,2012-05-28 23:30:45
PushEvent,2012-05-28 23:30:47
IssueCommentEvent,2012-05-25 05:33:29
PushEvent,2012-05-27 08:06:46
PushEvent,2012-05-27 08:06:45
PushEvent,2012-05-26 05:31:14
PushEvent,2012-05-26 05:31:13
IssuesEvent,2012-06-07 00:22:12
PushEvent,2012-05-24 05:33:11
PushEvent,2012-05-24 05:33:07
PushEvent,2012-05-24 02:10:52
PushEvent,2012-05-24 02:25:29
PushEvent,2012-05-20 07:03:39
PushEvent,2012-05-21 06:34:32
PushEvent,2012-05-25 01:15:33
PushEvent,2012-05-25 01:15:32
PullRequestEvent,2012-05-25 01:16:09
IssueCommentEvent,2012-05-25 01:16:09
PushEvent,2012-05-25 01:48:50
PushEvent,2012-05-25 01:48:52
PushEvent,2012-05-24 07:31:04
PushEvent,2012-05-24 07:31:08
PullRequestEvent,2012-05-24 07:33:53
PushEvent,2012-05-24 07:33:53
PushEvent,2012-05-24 07:34:54
PushEvent,2012-05-24 07:34:52
PushEvent,2012-05-24 06:31:11
PushEvent,2012-05-24 06:31:12
PushEvent,2012-05-25 00:47:03
PushEvent,2012-05-25 00:47:07
PushEvent,2012-10-31 03:07:08
PullRequestEvent,2012-10-31 03:07:07
IssuesEvent,2012-10-31 03:07:57
IssueCommentEvent,2012-10-31 03:07:57
PushEvent,2012-10-31 03:08:15
IssuesEvent,2012-10-31 03:08:15
PullRequestEvent,2012-10-31 03:08:14
PushEvent,2012-04-10 14:54:35
CreateEvent,2013-01-15 05:22:34
CreateEvent,2013-01-15 05:22:34
IssueCommentEvent,2013-03-29 04:43:43
PullRequestReviewCommentEvent,2013-03-29 04:45:44
IssuesEvent,2012-11-15 16:05:06
IssueCommentEvent,2012-11-15 16:05:06
PullRequestEvent,2013-04-05 00:19:53
IssueCommentEvent,2013-04-05 00:23:11
PushEvent,2013-04-05 00:23:11
PullRequestEvent,2013-04-05 00:23:09
PushEvent,2012-08-19 23:34:25
IssueCommentEvent,2012-08-19 23:35:16
IssuesEvent,2012-08-19 23:35:16
IssueCommentEvent,2012-08-19 23:35:40
IssuesEvent,2012-08-19 23:35:40
PullRequestEvent,2012-08-19 23:35:57
IssueCommentEvent,2012-08-19 23:35:57
IssueCommentEvent,2012-08-19 23:39:21
IssuesEvent,2012-08-19 23:39:21
IssueCommentEvent,2012-08-19 23:40:42
IssuesEvent,2012-08-19 23:40:49
IssueCommentEvent,2012-08-19 23:41:19
IssuesEvent,2012-08-19 23:41:19
IssuesEvent,2012-08-19 23:41:39
IssueCommentEvent,2012-08-19 23:41:38
PushEvent,2012-08-19 23:34:25
IssueCommentEvent,2012-08-19 23:35:16
IssuesEvent,2012-08-19 23:35:16
IssueCommentEvent,2012-08-19 23:35:40
IssuesEvent,2012-08-19 23:35:40
PullRequestEvent,2012-08-19 23:35:57
IssueCommentEvent,2012-08-19 23:35:57
IssueCommentEvent,2012-08-19 23:39:21
IssuesEvent,2012-08-19 23:39:21
IssueCommentEvent,2012-08-19 23:40:42
IssuesEvent,2012-08-19 23:40:49
IssueCommentEvent,2012-08-19 23:41:19
IssuesEvent,2012-08-19 23:41:19
IssuesEvent,2012-08-19 23:41:39
IssueCommentEvent,2012-08-19 23:41:38
CreateEvent,2012-12-14 06:00:43
CreateEvent,2012-12-14 06:01:39
CreateEvent,2012-12-14 06:05:28
CreateEvent,2012-12-14 06:06:35
IssuesEvent,2012-08-20 00:20:53
IssueCommentEvent,2012-08-20 00:20:53
PushEvent,2012-04-20 14:28:25
PushEvent,2012-05-21 02:56:58
IssueCommentEvent,2012-05-14 16:30:49
IssueCommentEvent,2012-05-10 19:26:25
IssueCommentEvent,2012-05-10 19:42:00
IssueCommentEvent,2012-05-14 22:23:52
PushEvent,2012-05-29 01:52:00
PushEvent,2012-05-29 01:51:58
PushEvent,2012-04-07 21:56:51
PushEvent,2012-04-07 21:58:18
PushEvent,2012-04-07 22:07:48
PushEvent,2012-04-08 02:06:07
PushEvent,2012-04-08 08:17:23
PushEvent,2012-05-31 07:10:55
PushEvent,2012-05-31 07:10:56
PushEvent,2012-05-19 05:42:47
PushEvent,2012-05-31 18:47:58
PushEvent,2012-05-31 18:48:01
WatchEvent,2012-06-20 01:17:49
IssueCommentEvent,2012-06-16 23:30:38
PushEvent,2012-04-30 05:32:11
IssueCommentEvent,2012-08-09 21:19:44
ForkEvent,2012-08-09 21:21:49
CreateEvent,2012-08-09 21:44:23
CreateEvent,2012-08-09 21:44:52
CreateEvent,2012-08-09 21:45:26
CreateEvent,2012-08-09 21:47:47
IssueCommentEvent,2012-11-05 04:26:53
IssueCommentEvent,2012-09-12 20:07:14
IssueCommentEvent,2012-09-15 03:46:23
IssuesEvent,2012-08-20 00:20:53
IssueCommentEvent,2012-08-20 00:20:53
IssueCommentEvent,2012-08-18 18:29:18
CreateEvent,2012-08-03 00:44:07
CreateEvent,2012-08-03 00:44:24
CreateEvent,2012-08-03 00:45:08
CreateEvent,2012-08-03 00:45:26
IssueCommentEvent,2012-05-08 15:18:52
PushEvent,2012-06-01 01:09:42
PushEvent,2012-06-01 01:09:41
IssueCommentEvent,2012-06-01 01:10:13
PullRequestEvent,2012-06-01 01:10:13
IssuesEvent,2012-11-13 22:10:15
PushEvent,2012-05-28 23:30:45
PushEvent,2012-05-28 23:30:47
IssueCommentEvent,2012-05-08 17:41:48
IssueCommentEvent,2012-05-08 17:53:20
IssueCommentEvent,2012-05-08 06:10:10
IssueCommentEvent,2012-05-08 06:20:25
IssuesEvent,2012-05-08 06:37:27
PushEvent,2012-12-08 06:25:19
PushEvent,2012-12-09 23:31:56
PushEvent,2012-12-09 23:51:31
PushEvent,2012-06-11 04:32:55
PullRequestEvent,2012-06-11 04:32:54
IssueCommentEvent,2012-06-11 04:34:22
IssueCommentEvent,2012-06-14 01:07:26
IssueCommentEvent,2012-06-14 01:11:09
IssueCommentEvent,2012-06-14 01:16:56
IssuesEvent,2012-06-14 01:20:43
IssueCommentEvent,2012-06-14 01:20:43
IssueCommentEvent,2012-06-14 01:21:24
IssuesEvent,2012-06-14 01:21:24
IssueCommentEvent,2012-06-14 01:23:07
IssueCommentEvent,2012-06-14 01:24:20
IssueCommentEvent,2012-06-14 01:26:38
PushEvent,2012-05-19 06:04:36
PushEvent,2012-05-19 06:22:27
PushEvent,2012-05-19 06:22:35
PushEvent,2012-05-30 19:37:37
PushEvent,2012-05-30 19:37:40
IssueCommentEvent,2012-06-15 20:25:57
PushEvent,2012-06-09 07:35:01
IssuesEvent,2012-06-09 07:35:01
PushEvent,2012-06-09 07:35:03
IssueCommentEvent,2012-06-09 07:35:34
IssueCommentEvent,2012-06-09 07:44:53
PullRequestReviewCommentEvent,2012-06-09 07:46:04
PullRequestReviewCommentEvent,2012-06-09 07:47:01
IssueCommentEvent,2012-06-09 07:48:00
IssueCommentEvent,2012-06-09 18:42:19
IssueCommentEvent,2012-06-09 18:43:19
PullRequestEvent,2012-06-09 18:43:38
IssueCommentEvent,2012-06-09 18:43:38
IssueCommentEvent,2012-06-08 01:52:51
IssuesEvent,2012-06-09 05:06:57
IssueCommentEvent,2012-06-09 05:06:56
IssueCommentEvent,2012-06-09 05:08:28
IssuesEvent,2012-06-09 05:08:28
PushEvent,2012-06-09 05:51:22
IssuesEvent,2012-06-09 05:51:22
PushEvent,2012-06-09 05:51:23
PushEvent,2012-05-29 01:52:00
PushEvent,2012-05-29 01:51:58
IssueCommentEvent,2012-05-09 05:02:27
CreateEvent,2012-03-29 06:30:07
PushEvent,2012-03-29 06:33:45
PushEvent,2012-03-29 06:34:43
IssueCommentEvent,2013-04-11 15:29:15
IssuesEvent,2013-04-11 15:29:15
PushEvent,2012-03-22 20:34:41
IssueCommentEvent,2012-05-13 22:51:43
IssueCommentEvent,2012-05-13 05:01:33
IssueCommentEvent,2012-05-14 05:44:20
IssueCommentEvent,2012-05-14 05:46:49
PushEvent,2013-03-08 01:28:55
PullRequestEvent,2013-03-08 01:28:54
CommitCommentEvent,2013-03-08 01:37:36
CommitCommentEvent,2013-03-08 01:38:02
CommitCommentEvent,2013-03-08 01:40:09
PushEvent,2013-03-08 04:18:59
PushEvent,2013-03-08 04:20:10
PushEvent,2013-03-08 04:20:57
PushEvent,2013-03-08 04:24:13
PushEvent,2013-03-08 04:26:09
GollumEvent,2012-04-10 23:25:45
PushEvent,2012-04-02 02:11:56
PushEvent,2012-04-02 05:52:30
PushEvent,2012-04-02 07:15:37
PushEvent,2012-05-31 16:49:51
PushEvent,2012-05-31 16:49:51
PushEvent,2012-05-31 16:52:43
PullRequestEvent,2012-05-31 16:52:42
IssueCommentEvent,2012-05-31 16:53:56
PushEvent,2012-05-19 06:04:36
PushEvent,2012-05-19 06:22:27
PushEvent,2012-05-19 06:22:35
IssueCommentEvent,2012-05-13 17:47:31
IssueCommentEvent,2012-05-13 17:50:33
IssueCommentEvent,2012-05-16 04:10:32
IssuesEvent,2012-05-16 04:12:47
IssueCommentEvent,2012-05-16 04:12:46
PullRequestEvent,2013-02-22 17:23:09
PushEvent,2013-02-22 17:23:13
PushEvent,2013-02-22 17:23:10
PushEvent,2012-04-24 04:23:41
PushEvent,2012-04-24 04:27:21
PushEvent,2013-02-16 19:09:42
IssuesEvent,2013-02-16 19:09:42
PullRequestEvent,2012-06-02 06:40:45
IssueCommentEvent,2012-06-02 06:40:45
IssueCommentEvent,2012-06-02 06:47:50
IssueCommentEvent,2012-05-08 15:18:52
CommitCommentEvent,2012-05-22 23:01:41
CommitCommentEvent,2012-05-22 23:02:01
CommitCommentEvent,2012-05-22 23:03:24
CommitCommentEvent,2012-05-22 23:04:30
CommitCommentEvent,2012-05-22 23:06:41
PushEvent,2013-02-21 02:56:49
IssuesEvent,2013-02-21 02:56:48
PushEvent,2013-02-21 02:56:55
CreateEvent,2013-02-21 00:15:37
PullRequestEvent,2013-02-21 00:15:50
IssueCommentEvent,2013-02-21 00:15:49
PushEvent,2013-02-21 00:39:39
PushEvent,2013-02-21 00:43:12
PushEvent,2013-02-21 00:52:42
CommitCommentEvent,2013-02-21 04:32:24
PushEvent,2012-05-31 16:49:51
PushEvent,2012-05-31 16:49:51
PushEvent,2012-05-31 16:52:43
PullRequestEvent,2012-05-31 16:52:42
IssueCommentEvent,2012-05-31 16:53:56
PushEvent,2012-03-30 06:11:58
PushEvent,2012-03-29 16:21:07
PushEvent,2012-05-26 21:31:11
PushEvent,2012-05-26 21:31:10
PushEvent,2012-05-19 04:51:51
CommitCommentEvent,2012-05-22 22:30:33
CommitCommentEvent,2012-05-22 22:33:01
CommitCommentEvent,2012-05-22 22:37:28
CommitCommentEvent,2012-05-22 22:38:00
CommitCommentEvent,2012-05-22 22:42:39
CommitCommentEvent,2012-05-22 22:43:29
CommitCommentEvent,2012-05-22 22:44:02
CommitCommentEvent,2012-05-22 22:45:13
CommitCommentEvent,2012-05-22 22:46:59
CommitCommentEvent,2012-05-22 22:48:14
CommitCommentEvent,2012-05-22 22:49:09
CommitCommentEvent,2012-05-22 22:49:39
CommitCommentEvent,2012-05-22 22:49:48
CommitCommentEvent,2012-05-22 22:50:20
CommitCommentEvent,2012-05-22 22:50:49
CommitCommentEvent,2012-05-22 22:51:18
CommitCommentEvent,2012-05-22 22:52:00
CommitCommentEvent,2012-05-22 22:52:42
CommitCommentEvent,2012-05-22 22:54:21
CommitCommentEvent,2012-05-22 22:55:02
CommitCommentEvent,2012-05-22 22:59:11
CommitCommentEvent,2012-05-22 23:00:22
CommitCommentEvent,2012-05-22 23:01:25
CreateEvent,2012-06-01 21:02:45
PushEvent,2012-06-01 21:20:31
PushEvent,2012-06-01 21:20:39
PushEvent,2012-06-01 21:20:44
PullRequestEvent,2012-06-01 21:21:36
PullRequestEvent,2012-06-01 21:21:59
PullRequestEvent,2012-06-01 21:22:16
PushEvent,2012-06-01 21:34:37
PushEvent,2012-05-21 02:56:58
IssuesEvent,2012-11-13 04:57:24
IssueCommentEvent,2012-11-13 04:57:24
PushEvent,2012-11-14 01:50:14
IssueCommentEvent,2012-05-09 05:02:27
PushEvent,2013-02-18 22:46:41
PushEvent,2013-02-18 22:50:12
IssueCommentEvent,2012-05-14 16:30:49
CommitCommentEvent,2012-03-30 01:15:53
PushEvent,2012-03-29 08:06:14
IssueCommentEvent,2012-07-23 16:22:39
IssueCommentEvent,2012-07-13 00:37:03
PushEvent,2012-05-27 08:06:46
PushEvent,2012-05-27 08:06:45
PushEvent,2012-05-26 05:31:14
PushEvent,2012-05-26 05:31:13
IssuesEvent,2012-06-07 00:22:12
PushEvent,2012-05-24 05:33:11
PushEvent,2012-05-24 05:33:07
PushEvent,2012-05-02 00:35:22
IssueCommentEvent,2012-05-25 04:08:29
IssuesEvent,2012-05-08 05:21:00
IssueCommentEvent,2012-05-08 05:25:39
IssueCommentEvent,2012-05-08 05:44:51
IssueCommentEvent,2012-05-08 05:52:02
IssueCommentEvent,2012-05-08 05:53:32
IssueCommentEvent,2012-05-07 21:24:46
IssueCommentEvent,2012-11-09 17:23:41
IssueCommentEvent,2012-11-09 17:46:16
PullRequestEvent,2012-11-09 17:46:20
IssueCommentEvent,2012-12-18 06:04:40
PullRequestReviewCommentEvent,2012-12-14 21:40:13
PushEvent,2012-05-20 20:44:42
IssueCommentEvent,2012-06-16 23:30:38
PullRequestReviewCommentEvent,2013-01-29 03:55:09
PullRequestReviewCommentEvent,2013-01-29 03:55:14
PullRequestReviewCommentEvent,2013-01-29 03:55:49
PullRequestEvent,2013-01-29 03:56:23
IssueCommentEvent,2013-01-29 03:56:22
PushEvent,2012-12-26 06:02:44
PushEvent,2012-12-26 06:53:56
PushEvent,2012-12-26 06:54:52
IssuesEvent,2012-12-26 05:01:04
PushEvent,2012-12-26 05:04:58
PushEvent,2012-12-26 05:07:48
PushEvent,2012-12-26 05:14:53
PushEvent,2012-12-26 05:24:26
PushEvent,2012-12-26 05:25:12
PushEvent,2012-12-26 05:30:53
PushEvent,2012-12-26 05:33:47
PushEvent,2012-12-26 05:45:21
PushEvent,2012-12-24 05:31:45
PushEvent,2012-12-25 21:54:34
IssueCommentEvent,2012-05-25 04:08:29
PushEvent,2012-04-22 20:52:45
PushEvent,2012-04-23 02:20:49
PushEvent,2012-04-23 02:22:24
PushEvent,2012-04-23 02:41:41
PushEvent,2012-04-23 06:21:11
PushEvent,2012-04-23 06:36:12
PushEvent,2012-04-23 06:50:51
DeleteEvent,2012-04-23 06:56:55
CreateEvent,2012-04-23 06:57:09
DeleteEvent,2012-04-23 06:57:44
PushEvent,2012-04-23 07:01:11
CreateEvent,2012-12-22 18:57:27
CreateEvent,2012-12-22 18:58:54
PushEvent,2012-05-19 01:55:54
IssueCommentEvent,2012-05-22 05:11:50
PushEvent,2012-05-20 22:16:39
PushEvent,2012-05-18 23:55:10
CreateEvent,2012-06-23 00:51:00
CreateEvent,2012-06-23 00:51:54
CreateEvent,2012-06-23 00:59:27
CreateEvent,2012-06-23 01:00:51
IssueCommentEvent,2013-02-06 06:33:00
PushEvent,2012-06-01 01:09:42
PushEvent,2012-06-01 01:09:41
IssueCommentEvent,2012-06-01 01:10:13
PullRequestEvent,2012-06-01 01:10:13
PushEvent,2012-05-19 01:55:54
IssueCommentEvent,2012-06-08 01:52:51
IssuesEvent,2012-06-09 05:06:57
IssueCommentEvent,2012-06-09 05:06:56
IssueCommentEvent,2012-06-09 05:08:28
IssuesEvent,2012-06-09 05:08:28
PushEvent,2012-06-09 05:51:22
IssuesEvent,2012-06-09 05:51:22
PushEvent,2012-06-09 05:51:23
PushEvent,2012-06-11 04:32:55
PullRequestEvent,2012-06-11 04:32:54
IssueCommentEvent,2012-06-11 04:34:22
PushEvent,2012-05-28 23:30:45
PushEvent,2012-05-28 23:30:47
IssueCommentEvent,2012-05-25 05:33:29
PushEvent,2013-03-08 03:01:24
